Title,Author,System,Price,Link
Erno Noise,"Sean Richer, DN Wilkie",Mothership,21,https://web.archive.org/web/20250831065405/https://spearwitch.com/products/erno-noise-issue-11
My Body Is a Cage,Snow,,50,https://web.archive.org/web/20250622170854/https://nerves.store/products/my-body-is-a-cage?variant=38009346588859
FIST,Claymore,FIST,,https://web.archive.org/web/20250828200451/https://claymorerpgs.itch.io/fist
FIST: Mandelbrot Set,Claymore,FIST,,https://web.archive.org/web/20250806233356/https://claymorerpgs.itch.io/mandelbrot-set
Stonehell Dungeon: Down Night-Haunted Halls,Michael Curtis,Labyrinth Lord,14,https://web.archive.org/web/20250807013044/https://www.lulu.com/shop/michael-curtis/stonehell-dungeon-down-night-haunted-halls/paperback/product-1v8vy2zz.html
Stonehell Dungeon: Into the Heart of Hell,Michael Curtis,Labyrinth Lord,26,https://web.archive.org/web/20250522140337/https://www.lulu.com/shop/michael-curtis/stonehell-dungeon-into-the-heart-of-hell/paperback/product-1mqkznnv.html
Dungeon Module B1: In Search of the Unknown,Mike Carr,D&D Basic Set,12,https://www.drivethrurpg.com/en/product/17081/b1-in-search-of-the-unknown-basic
A Chaotic Cataloging: A Seasons of Hieron Fanzine,"Katie Diek, et al.",Friends at the Table,30,https://web.archive.org/web/20250323213925/https://crowdfundr.com/HieronZine
Fantastic Medieval Campaigns,Marcia B.,D&D 0e,25,https://web.archive.org/web/20241003012747/https://www.lulu.com/shop/marcia-b/fantastic-medieval-campaigns-color-softcover/paperback/product-rmdr58y.html
Knock: Issue 1,The Merry Mushmen,,48,https://web.archive.org/web/20250803105414/https://www.themerrymushmen.com/product/knock-1-tmm/
Knock: Issue 2,The Merry Mushmen,,48,https://web.archive.org/web/20250803114943/https://www.themerrymushmen.com/product/knock-2-tmm/
Knock: Issue 3,The Merry Mushmen,,48,https://web.archive.org/web/20250813201216/https://www.themerrymushmen.com/product/knock-3-tmm/
Knock: Issue 4,The Merry Mushmen,,48,https://web.archive.org/web/20250627025540/https://www.themerrymushmen.com/product/knock-4-tmm/
Knock: Issue 5,The Merry Mushmen,,48,https://web.archive.org/web/20250803122909/https://www.themerrymushmen.com/product/knock-5-tmm/
Tiny Tome 1,Long Tail Games,,19,https://web.archive.org/web/20250206164255/https://www.indiepressrevolution.com/xcart/Tiny-Tome-1.html
Stewpot: Tales from a Fantasy Tavern,Takuma Okada,"Firebrands, Stewpot",25,https://web.archive.org/web/20250808115301/https://evilhat.com/product/stewpot/
"Stewpot: Dice, Dungeons, and Delicacies",Takuma Okada,"Firebrands, Stewpot",9,https://www.drivethrurpg.com/en/product/511862/stewpot-dice-dungeons-and-delicacies
Verdy's Free Kriegspiel,John Curry,,,
World Ending Game,Everest Pipkin,,,
The Pond #6,,,,
Aberdeen 01,Snow,,,
Aberdeen 02,Snow,,,
The Black Manse,Micah Anderson,,,
Black Sword Hack: Ultimate Chaos Edition,Kobayashi,,,
The Chaos Crier: Issue #0,The Merry Mushmen,,,
The Vanilla Game,Jared Sinclair,TVG,,
The Isle,Luke Gearing,TVG,,
Ecce Ego Usque ad Mortem,Jared Sinclair,TVG,,
Knave: Second Edition,Ben Milton,Knave,,
The Sun King's Palace,Snow,,,
Melancholy Island,Snow,,,
Troika: Numinous Edition,Daniel Sell,Troika,,
Acid Death Fantasy,Luke Gearing,Troika,,
Slow Sleigh to Plankton Downs,Ezra Claverie,Troika,,
Fronds of Benevolence,Andrew Walter,Troika,,
Paleozoic Pals,Evey Lockhart,Troika,,
Unconquered,Monkey's Paw Games,,,
Holy Mountain Shaker,Luka Rejec,OSE,,
Longwinter: Referee's Book,Luka Rejec,,,
Longwinter: Visitor's Book,Luka Rejec,,,
Witchburner: 3rd Funeral Edition,Luka Rejec,,,
Let Us In,Luka Rejec,,,
Magitechnica Codex 1,Luka Rejec,,,
"There, A Red Door",Luka Rejec,,,
Synthetic Dream Machine: Eternal Return Key,Luka Rejec,,,
The Electrum Archive: Issue #01,Emiel Boven,,,
The Electrum Archive: Issue #02,Emiel Boven,,,
Planar Compass #1,Planar Compass,OSE,,
Planar Compass #2,Planar Compass,OSE,,
Planar Compass #3,Planar Compass,OSE,,
Garden of Corda,Cade Crites,Troika,,
Testudinea,Blark,Troika,,
Vaults of Vaarn: Issue 01,Leo Hunt,Vaarn,,
Vaults of Vaarn: Issue 02,Leo Hunt,Vaarn,,
Vaults of Vaarn: Issue 03,Leo Hunt,Vaarn,,
Pariahs of Vaarn,Leo Hunt,Vaarn,,
The Tomb of An-Rah Nassak,Leo Hunt,Vaarn,,
Khenet Rock,Leo Hunt,Vaarn,,
The Fount of Illustrious Flesh,Leo Hunt,Vaarn,,
The Town of Caeba,Leo Hunt,Vaarn,,
Vaults of Vaarn: Issue 04,Leo Hunt,Vaarn,,
Shrine of the Scorpion Lords,Jacob Fleming,Dungeon Goons,,
Advanced Dungeon Goons: 2nd Edition,Jacob Fleming,Dungeon Goons,,
Bastards,Micah Anderson,Bastards,,
A Simple Dungeon,Micah Anderson,Bastards,,
Bastards: Pearlescent Edition,Micah Anderson,Bastards,,
Bastard! Solo-Play Procedures,Matthew Morris,Bastards,,
Bastion on the Frontier,"Matthew Morris, Jon Davis",Bastards,,
Peak of Woe,"Jon Davis, Matthew Morris",Bastards,,
A Sea of Glass,Jon Davis,Bastards,,
Melting of the Skull & the Conquering Dunes,Matthew Morris,Bastards,,
Ships: A Vessels Supplement,Matthew Morris,Bastards,,
Lakeside Athenaeum,Matthew Morris,Bastards,,
Vault of Doom,"Jon Davis, Matthew Morris",Bastards,,
Kobolds in the Equipment Graveyard,Jason Wardell,Bastards,,
Blade in the Burning Peak,Matthew Morris,Bastards,,
Moss Dripped Woods,Perplexing Ruins,Bastards,,
Wheels Within the Jungle Skies,Matthew Morris,Bastards,,
In Pursuit of What Is Hidden,Matthew Morris,Bastards,,
Dire Cay,Matthew Morris,Bastards,,
Stones to Kill the Sea,Jason Wardell,Bastards,,
Bastards Appendices,Micah Anderson,Bastards,,
Bastard's House Rules Edition,Matthew Morris,Bastards,,
Adventure Hooks,Tyler Crumrine,,,
Mothership,Sean McCoy,Mothership,,
A Pound of Flesh,Sean McCoy,Mothership,,
Gradient Descent,Luke Gearing,Mothership,,
Dead Planet,Fiona Maeve Geist,Mothership,,
The Bloodfields at Blackstar Station,Christian Sorrell,Mothership,,
Prismot!,Jared Sinclair,Troika,,
Prismot 2,Jared Sinclair,Troika,,
"The Batrachian Swamps: Part One of ""An Atlas""","Micah Anderson, Nate Treme",An Atlas,,
"The Desert of Yondo: Part Two of ""An Atlas""","Micah Anderson, Nate Treme",An Atlas,,
The Phthalo Mountains: An Atlas Interstice,Micah Anderson,An Atlas,,
Pilgrims of the Nighted Path,Nate Treme,Prole,,
Cairn,Yochai Gal,Cairn,,
Runecairn: Core Rules,Colin Le Sueur,Cairn,,
Runecairn: Advanced Rules,Colin Le Sueur,Cairn,,
Runecairn: Beneath the Broken Sword,Colin Le Sueur,Cairn,,
Tannic,Amanda P.,"Cairn, OSE",,
Tether,Adam Baffoni,,,
Liminal Horror,Goblin Archives,Liminal Horror,,
Liminal Horror: The Mall,Goblin Archives,,,
Through Ultan's Door: Issue No. 1,Ben Laurence,Ultan's Door,,
Through Ultan's Door: Issue No. 2,Ben Laurence,Ultan's Door,,
Through Ultan's Door: Issue No. 3 Part I,Ben Laurence,Ultan's Door,,
Through Ultan's Door: Issue No. 3 Part II,Ben Laurence,Ultan's Door,,
Through Ultan's Door: Beneath the Moss Courts,Ben Laurence,Ultan's Door,,
Through Ultan's Door: Downtime in Zyan,Ben Laurence,Ultan's Door,,
D.U.M.P. Quest,"Timothy Frese, Crystal Wolf",,,
D.U.M.P. Quest 2,"Timothy Frese, Crystal Wolf",,,
Delve: A Solo Map-Drawing Game,Anna Blackwell,,,
Rise: A Game of Spreading Evil,Anna Blackwell,,,
Umbra,Anna Blackwell,,,
Glaive,Scott Wegener,,,
Curse Scroll #1,Kelsey Dionne,Shadowdark,,
Cursed Scroll #2,Kelsey Dionne,Shadowdark,,
Cursed Scroll #3,Kelsey Dionne,Shadowdark,,
Skyrealms: Creatures and Folks,"Iko, Evlyn Moreau",,,
Skyrealms: Almanac,"Iko, Evlyn Moreau",,,
Traveler's Almanac,Micah Anderson,Bastards,,
Maze Rats,Ben Milton,,,
Raiding the Obsidian Keep,The Merry Mushmen,OSE,,
The Horrendous Hounds of Hendenburgh,The Merry Mushmen,OSE,,
Summer's End,Ben Milton,,,
The Waking of Willowby Hall,Ben Milton,,,
Transmission for Them,Eryk Sawicki,,,
Broken Luck,"Iko, Perplexing Ruins",Troika,,
Experience Points,Stu Horvath,,,
In Play: Issue #1,FKR Collective,FKR,,
In Play: Issue #2,FKR Collective,FKR,,
Save Point: Issue 1,Replicas of Ruins,,,
"Beak, Feather + Bone",Tyler Crumrine,,,
Claw Atlas,Tyler Crumrine,,,
Serpent & Oak,Narrative Dynamics,Rebel Crown,,
Kozmik Objects & Entities,Nate Treme,,,
Crescent B/X,Ema Acosta,,,
A Dungeon Game,Chris Bissette,A Dungeon Game,,
The Moss Mother's Maze,Chris Bissette,A Dungeon Game,,
Guild: Sword and Magick for Hire,Disaster Tourism,,,
Disaster Tourism #0,Disaster Tourism,,,
Casket Land,Marie Enger,,,
Casket Land,Marie Enger,,,
Cloud Empress: Rulebook,Watt,"Mothership, Cloud Empress",,
Cloud Empress: Solo Protocol,Watt,"Mothership, Cloud Empress",,
Cloud Empress: Labyrinth of the Bride,Kienna Shaw,"Mothership, Cloud Empress",,
Cloud Empress: Echoes of Memories,Sebastian Yue,"Mothership, Cloud Empress",,
Cloud Empress: Lord of the Goneaway,Joel Hines,"Mothership, Cloud Empress",,
Cloud Empress: Pit's Peak,Alfred Valley,"Mothership, Cloud Empress",,
Cloud Empress: The Seed Vault,Samantha Leigh,"Mothership, Cloud Empress",,
Cloud Empress: Land of Cicadas,Watt,"Mothership, Cloud Empress",,
Cloud Empress: Last Voyage of the Bean Barge,Watt,"Mothership, Cloud Empress",,
Miru: An Analog Adventure Game,Hinokodo,,,
Miru 2: An Analog Horror Game,Hinokodo,,,
Realms of Peril: Game Master's Handbook,Zack Wolf,,,
Realms of Peril: Adventurer's Field Guide,Zack Wolf,,,
In the Shadow of Tower Silveraxe,Jacob Fleming,OSE,,
Through the Valley of the Manticore,Jacob Fleming,OSE,,
Nightmare over Ragged Hollow,Joseph R. Lewis,OSE,,
The Details of Our Escape,Tyler Crumrine,,,
Rebel Crown,Narrative Dynamics,Rebel Crown,,
Barrow Keep: Den of Spies,R. Rook Games,,,
Vyrm Hack: Fantasy Wargaming,Charles Ferguson-Avery,,,
The Feral Crier: Issue 00,Charles Ferguson-Avery,,,
Against the Grey: Referee Pamphlet,Secret Table,Tunnel Goons,,
Against the Grey: Player Pamphlet,Secret Table,Tunnel Goons,,
Clay Creatures: Calamitous Confrontation,Jared Sinclair,,,
Mythomorphosis: Second Edition,Gordie Murphy,,,
Wyrd Science: Issue 2,Wyrd Science,,,
Wyrd Science: Issue 3,Wyrd Science,,,
Wyrd Science: Issue 4,Wyrd Science,,,
Wyrd Science: Issue 5,Wyrd Science,,,
Wyrd Science: Issue 6,Wyrd Science,,,
Return to Perinthos,Violet Ballard,,,
The Bird Oracle,Shing Yin Khor,,,
The Magus,Momatoes,,,
Arc,Momatoes,,,
Cycles of the Eye,"Gareth Damian Martin, Alfred Valley",,,
The Oracle: An Inspiration Deck,Momatoes,,,
The Gardens of Ynn,Emmy Allen,,,
The Stygian Library,Emmy Allen,,,
Shadowdark,Kelsey Dionne,Shadowdark,,
Mothership: Core Set,Sean McCoy,Mothership,,
Cairn: The Complete 2nd Edition,Yochai Gal,Cairn,,
Old School Essentials: Classic Game Set,Gavin Norman,OSE,,
Old School Essentials: Advanced Expansion Set,Gavin Norman,OSE,,
Mausritter: Box Set,Isaac Williams,Mausritter,,
Mausritter: The Estate,Isaac Williams,Mausritter,,
Vermis,Plastiboo,,,
Vermis II,Plastiboo,,,
Yazeba's Bed and Breakfast,Possum Creek Games,,,
Trophy Dark,Jesse Ross,Trophy,,
Trophy Gold,Jesse Ross,Trophy,,
Trophy Loom,Jesse Ross,Trophy,,
Prismot 3,Jared Sinclair,Troika,,
RPM Issue #1,Sandeep Rai,,,
RPM Issue #2,Sandeep Rai,,,
RPM Issue #3,Sandeep Rai,,,
RPM Issue #4,Sandeep Rai,,,
RPM Issue #5,Sandeep Rai,,,
RPM Issue #6,Sandeep Rai,,,
Forgotten Worlds: Issue #4,Mikolai,,,
Forgotten Worlds: Issue #5,Mikolai,,,
Retro Game Zine: Issue 001,Darren Hupke,,,
Retro Game Zine: Issue 002,Darren Hupke,,,
Retro Game Zine: Issue 003,Darren Hupke,,,
Retro Game Zine: Issue 004,Darren Hupke,,,
Retro Game Zine: Issue 005,Darren Hupke,,,
Retro Game Zine: Issue 006,Darren Hupke,,,
Retro Game Zine: Issue 007,Darren Hupke,,,
Exp. Game Zine 2600,Mathew Kumar,,,
Exp. Game Zine 2601,Mathew Kumar,,,
Space People,thecatamites,Plaintext Distro,,
MGS Made Me Bi,Em,Plaintext Distro,,
First Person Stimulator,Freya Campbell,Plaintext Distro,,
Zone,candle,Plaintext Distro,,
Manifesto Megamix,candle,Plaintext Distro,,
In the beginning we all played Family,Rumpel,Plaintext Distro,,
Domino Club,Domino Club,Plaintext Distro,,
Astigmatism Zine,,,,
Abruption,Taylor Dow,,,
Survival Without Rent,Anonymous,,,
Anarchist Survival Guide,Harold H. Thompson,,,
Recipe for a W.R.I.P. Club,Rick Olynek,,,
How to Plan for Action,Sarah Friedman,,,
"Pocket Histories #1: Kiev, Moscow, and Russia",Johnnie B. Baker,,,
Pocket Histories #2: U.S. Imperialism,Johnnie B. Baker,,,
Pocket Histories #3: The Cold War,Johnnie B. Baker,,,
Pocket Histories #4: Charlemagne,Johnnie B. Baker,,,
Death of the Author,Trynne Delaney,,,
Armour Astir Advent,Briar Sovereign,,,
Retro Game Zine: Issue 008,Darren Hupke,,,
Retro Game Zine: Issue 009,Darren Hupke,,,
Retro Game Zine: Issue 010,Darren Hupke,,,
Underneath,Seb Pines,,,
